               epoch,      train/box_loss,      train/obj_loss,      train/cls_loss,   metrics/precision,      metrics/recall,     metrics/mAP_0.5,metrics/mAP_0.5:0.95,        val/box_loss,        val/obj_loss,        val/cls_loss,               x/lr0,               x/lr1,               x/lr2
                   0,             0.10582,            0.019745,            0.013353,           0.0057098,             0.60878,            0.046599,            0.016201,            0.074075,            0.016624,           0.0067033,            0.070256,           0.0033048,           0.0033048
                   1,            0.080607,            0.019427,           0.0067549,             0.43551,             0.18183,             0.15634,            0.063394,            0.068599,            0.013308,           0.0034679,            0.040236,           0.0066183,           0.0066183
                   2,            0.072576,            0.017118,           0.0051947,             0.56008,             0.32591,             0.41532,             0.12657,            0.060262,            0.012689,           0.0028468,            0.010197,           0.0099117,           0.0099117
                   3,            0.066828,               0.016,           0.0044453,             0.44765,              0.5918,             0.46019,             0.18696,            0.053797,            0.012122,            0.002375,             0.00991,             0.00991,             0.00991
                   4,            0.062154,            0.013759,           0.0034451,             0.53011,             0.54345,             0.51042,              0.2171,            0.051815,            0.011324,           0.0017153,             0.00991,             0.00991,             0.00991
                   5,            0.056801,            0.012794,           0.0028019,             0.71515,              0.6321,              0.6894,             0.35383,            0.041966,           0.0099804,           0.0015197,             0.00988,             0.00988,             0.00988
                   6,            0.053721,             0.01208,           0.0026588,               0.782,             0.66992,             0.73293,             0.29794,            0.044717,           0.0094177,           0.0014087,             0.00985,             0.00985,             0.00985
                   7,            0.051875,            0.011447,           0.0022019,             0.80596,             0.71389,             0.77194,             0.40554,            0.037907,           0.0098315,           0.0014588,             0.00982,             0.00982,             0.00982
                   8,            0.050054,            0.011339,           0.0022483,             0.83825,             0.70623,             0.79952,             0.42376,            0.037649,           0.0089037,           0.0012247,             0.00979,             0.00979,             0.00979
                   9,            0.048982,            0.011231,           0.0018273,             0.73127,             0.66944,             0.74534,             0.37313,            0.038436,            0.009889,           0.0012716,             0.00976,             0.00976,             0.00976
                  10,            0.047511,            0.011215,           0.0019888,             0.75207,             0.61557,             0.68671,             0.36807,            0.042874,            0.010282,           0.0013346,             0.00973,             0.00973,             0.00973
                  11,            0.047163,            0.010557,           0.0016941,             0.85712,             0.76558,             0.84017,             0.43501,            0.036063,            0.008955,           0.0010255,              0.0097,              0.0097,              0.0097
                  12,            0.045096,            0.010556,           0.0019627,             0.87356,             0.76473,              0.8421,             0.48362,            0.036494,           0.0085517,           0.0010504,             0.00967,             0.00967,             0.00967
                  13,            0.044568,            0.010439,           0.0018223,             0.87537,             0.83059,              0.8809,             0.48518,            0.034317,           0.0082326,          0.00094719,             0.00964,             0.00964,             0.00964
                  14,            0.043335,           0.0098636,           0.0017434,             0.93173,             0.75265,             0.83821,             0.43145,            0.035737,           0.0085634,          0.00099862,             0.00961,             0.00961,             0.00961
                  15,            0.043422,           0.0099557,           0.0016562,             0.85948,             0.78639,             0.84213,             0.39367,            0.037426,           0.0083485,          0.00096243,             0.00958,             0.00958,             0.00958
                  16,             0.04165,           0.0097022,           0.0016528,             0.90072,             0.86036,             0.90438,             0.50764,            0.030588,           0.0078374,          0.00095437,             0.00955,             0.00955,             0.00955
                  17,            0.041047,           0.0095151,           0.0014772,             0.90555,             0.79682,             0.87056,             0.48548,             0.03246,           0.0082919,          0.00090522,             0.00952,             0.00952,             0.00952
                  18,            0.041782,           0.0093934,           0.0016341,             0.94394,             0.84984,                0.91,             0.52444,            0.030909,           0.0075561,          0.00082444,             0.00949,             0.00949,             0.00949
                  19,            0.041974,           0.0096546,           0.0013979,             0.90772,             0.82133,             0.89241,             0.50916,            0.031921,           0.0078527,          0.00077867,             0.00946,             0.00946,             0.00946
                  20,            0.040774,           0.0096166,           0.0014595,             0.89779,             0.74373,             0.80115,             0.46495,            0.033493,           0.0091517,          0.00086012,             0.00943,             0.00943,             0.00943
                  21,            0.040872,           0.0093659,           0.0012226,             0.91406,             0.88696,             0.92509,              0.5405,            0.030247,           0.0073403,          0.00065783,              0.0094,              0.0094,              0.0094
                  22,            0.039347,           0.0093653,           0.0014549,             0.90357,             0.83554,             0.89795,             0.57046,             0.02833,           0.0077863,          0.00087652,             0.00937,             0.00937,             0.00937
                  23,            0.038571,           0.0089884,           0.0013159,             0.86829,             0.82626,             0.88915,             0.52141,            0.029232,           0.0074154,          0.00080783,             0.00934,             0.00934,             0.00934
                  24,            0.037714,           0.0093001,           0.0014857,             0.91554,              0.8808,             0.92077,             0.54268,            0.027782,           0.0072025,          0.00076721,             0.00931,             0.00931,             0.00931
                  25,            0.037475,           0.0092951,           0.0013425,             0.90373,             0.88641,             0.92064,              0.5461,            0.026962,           0.0070885,          0.00079566,             0.00928,             0.00928,             0.00928
                  26,            0.038496,           0.0092756,           0.0014632,             0.91973,             0.89328,             0.92898,             0.56916,            0.027011,            0.006949,           0.0007142,             0.00925,             0.00925,             0.00925
                  27,            0.037895,           0.0088945,             0.00136,             0.92429,             0.89172,             0.92217,             0.52308,            0.029279,           0.0067747,          0.00072581,             0.00922,             0.00922,             0.00922
                  28,            0.036558,           0.0089106,            0.001234,              0.9113,             0.82695,             0.87892,             0.55034,            0.028732,            0.007379,          0.00084652,             0.00919,             0.00919,             0.00919
                  29,            0.037888,           0.0088095,           0.0013882,             0.93376,             0.89592,              0.9344,             0.59263,            0.024944,           0.0068552,          0.00061153,             0.00916,             0.00916,             0.00916
                  30,            0.036258,           0.0087416,           0.0012793,             0.91057,             0.90425,             0.93226,             0.60543,            0.025409,           0.0068838,          0.00059913,             0.00913,             0.00913,             0.00913
                  31,            0.035961,           0.0085991,           0.0013187,             0.92346,             0.89302,             0.92673,             0.59356,            0.025836,           0.0066915,          0.00067669,              0.0091,              0.0091,              0.0091
                  32,            0.036566,           0.0085527,           0.0012707,             0.92394,             0.90281,             0.93665,             0.61039,            0.024758,           0.0070159,          0.00060193,             0.00907,             0.00907,             0.00907
                  33,            0.035928,           0.0086421,           0.0012581,              0.9198,             0.87392,             0.92806,             0.57499,            0.025167,           0.0069895,          0.00069119,             0.00904,             0.00904,             0.00904
                  34,              0.0358,           0.0086579,            0.001315,             0.93052,             0.87372,             0.92558,             0.58764,             0.02561,           0.0067545,          0.00066776,             0.00901,             0.00901,             0.00901
                  35,            0.034636,           0.0089192,           0.0012745,               0.938,             0.90659,             0.94025,             0.63988,            0.023692,           0.0066091,          0.00058035,             0.00898,             0.00898,             0.00898
                  36,            0.034633,           0.0087514,           0.0011145,              0.9041,             0.87967,             0.92935,             0.60927,            0.025374,           0.0065864,          0.00065404,             0.00895,             0.00895,             0.00895
                  37,             0.03538,           0.0087145,           0.0012222,             0.93666,             0.91083,             0.93782,             0.60175,            0.024041,           0.0066181,          0.00067404,             0.00892,             0.00892,             0.00892
                  38,            0.034471,           0.0085661,           0.0011889,             0.92865,             0.90404,             0.93734,             0.57238,            0.025884,           0.0065789,          0.00064438,             0.00889,             0.00889,             0.00889
                  39,            0.034079,           0.0084417,           0.0010642,             0.93273,             0.88829,             0.93711,              0.6063,            0.025023,           0.0065127,           0.0005577,             0.00886,             0.00886,             0.00886
                  40,            0.034159,            0.008223,           0.0011526,             0.95112,             0.91041,             0.94282,             0.58603,            0.025602,           0.0065301,          0.00062914,             0.00883,             0.00883,             0.00883
                  41,            0.033617,           0.0082901,           0.0011043,             0.93876,              0.8969,             0.93813,             0.62903,            0.024305,           0.0064311,          0.00067827,              0.0088,              0.0088,              0.0088
                  42,            0.033212,           0.0084346,            0.001071,             0.94929,             0.91606,             0.95196,              0.5967,            0.024358,           0.0063198,           0.0005289,             0.00877,             0.00877,             0.00877
                  43,            0.032801,           0.0078807,          0.00094992,             0.94747,             0.91701,             0.94617,             0.63681,            0.022755,           0.0061357,          0.00050017,             0.00874,             0.00874,             0.00874
                  44,            0.032155,           0.0078874,           0.0010853,             0.93911,             0.91681,              0.9464,             0.64271,            0.022082,           0.0064158,          0.00054922,             0.00871,             0.00871,             0.00871
                  45,            0.033434,           0.0084671,           0.0010596,             0.92127,             0.87187,             0.92278,             0.60452,             0.02606,           0.0066926,           0.0005496,             0.00868,             0.00868,             0.00868
                  46,            0.032887,           0.0083021,           0.0009744,             0.93294,             0.85653,              0.9136,             0.56176,            0.026483,           0.0066892,          0.00073381,             0.00865,             0.00865,             0.00865
                  47,            0.032702,           0.0081082,           0.0011184,             0.94581,             0.91955,             0.95055,             0.62012,            0.022253,           0.0061263,          0.00051374,             0.00862,             0.00862,             0.00862
                  48,            0.031688,           0.0077645,          0.00089511,             0.95166,             0.90931,             0.95095,             0.63451,            0.022264,           0.0060246,          0.00050635,             0.00859,             0.00859,             0.00859
                  49,            0.031882,           0.0077996,           0.0010309,             0.94696,              0.8759,             0.93579,             0.61473,            0.023295,           0.0068516,          0.00062134,             0.00856,             0.00856,             0.00856
                  50,            0.032637,           0.0082336,          0.00098185,             0.92711,             0.88455,             0.93372,             0.60439,            0.023549,           0.0063595,          0.00053855,             0.00853,             0.00853,             0.00853
                  51,            0.032413,           0.0082732,           0.0010984,             0.94986,             0.91316,             0.94403,             0.66043,            0.021491,           0.0061951,           0.0005057,              0.0085,              0.0085,              0.0085
                  52,            0.031206,           0.0075421,           0.0011071,             0.93004,             0.90922,             0.94133,             0.62612,            0.023203,           0.0062659,          0.00055325,             0.00847,             0.00847,             0.00847
                  53,            0.031573,           0.0079062,             0.00103,             0.94075,             0.92755,             0.95218,             0.62227,            0.022548,           0.0062763,          0.00053567,             0.00844,             0.00844,             0.00844
                  54,            0.031518,           0.0079369,           0.0011316,             0.94809,             0.91671,             0.95155,             0.62528,            0.022418,           0.0060659,          0.00055355,             0.00841,             0.00841,             0.00841
                  55,            0.032108,           0.0078358,           0.0010158,             0.91933,             0.89539,             0.93751,             0.61121,            0.023625,           0.0062914,          0.00054703,             0.00838,             0.00838,             0.00838
                  56,            0.031039,           0.0079748,          0.00097941,             0.95774,              0.9149,             0.94817,             0.65744,            0.020747,           0.0059163,          0.00052599,             0.00835,             0.00835,             0.00835
                  57,            0.030708,            0.007937,           0.0010502,             0.94985,             0.91886,             0.94622,             0.66026,            0.021132,           0.0059533,          0.00052149,             0.00832,             0.00832,             0.00832
                  58,            0.030487,           0.0078533,            0.001006,             0.95083,              0.9248,             0.95319,             0.66736,            0.020636,           0.0061196,          0.00046634,             0.00829,             0.00829,             0.00829
                  59,            0.029617,           0.0074346,           0.0010627,             0.94922,             0.92753,             0.95236,             0.66444,            0.021682,           0.0058872,           0.0005404,             0.00826,             0.00826,             0.00826
                  60,            0.030388,           0.0078322,          0.00085794,             0.95558,              0.9211,             0.94766,             0.67126,            0.021368,           0.0061138,          0.00046808,             0.00823,             0.00823,             0.00823
                  61,            0.029991,           0.0077227,           0.0010131,             0.94061,             0.92495,             0.94947,             0.66607,            0.020979,           0.0058688,          0.00048469,              0.0082,              0.0082,              0.0082
                  62,            0.030224,           0.0073623,           0.0010339,             0.96319,             0.91669,             0.95944,             0.66335,            0.020703,           0.0057757,          0.00047264,             0.00817,             0.00817,             0.00817
                  63,            0.030376,           0.0079384,           0.0011377,             0.95834,             0.91226,             0.95532,             0.66392,            0.021234,            0.005835,          0.00050587,             0.00814,             0.00814,             0.00814
                  64,            0.029244,           0.0073318,          0.00083376,             0.95318,             0.92262,             0.95299,             0.68474,             0.01967,           0.0058729,          0.00044348,             0.00811,             0.00811,             0.00811
                  65,            0.029277,           0.0074531,           0.0009059,             0.96676,             0.92869,             0.95944,             0.68777,            0.019553,           0.0056996,           0.0004424,             0.00808,             0.00808,             0.00808
                  66,            0.029391,           0.0078238,          0.00084866,             0.95002,             0.93292,             0.95963,             0.64431,            0.021155,            0.005912,          0.00042955,             0.00805,             0.00805,             0.00805
                  67,            0.029932,           0.0074561,           0.0011364,             0.95142,             0.92711,              0.9539,             0.67739,            0.019953,           0.0057795,          0.00047914,             0.00802,             0.00802,             0.00802
                  68,            0.028969,           0.0073056,           0.0010338,             0.95135,              0.9353,             0.95915,              0.6873,            0.020084,           0.0058791,          0.00047156,             0.00799,             0.00799,             0.00799
                  69,            0.029498,           0.0078434,           0.0010573,             0.95808,             0.93563,             0.96251,             0.69498,            0.019629,           0.0056283,          0.00044128,             0.00796,             0.00796,             0.00796
                  70,            0.029381,           0.0073082,            0.001107,             0.96384,             0.94018,             0.96363,             0.69783,            0.019071,           0.0056451,          0.00044007,             0.00793,             0.00793,             0.00793
                  71,            0.028993,            0.007136,          0.00082901,             0.96175,             0.92605,             0.95657,             0.69739,             0.01926,           0.0056475,          0.00037904,              0.0079,              0.0079,              0.0079
                  72,            0.029038,           0.0077761,          0.00087882,             0.95496,             0.92942,              0.9544,             0.69781,            0.019267,           0.0057945,          0.00046362,             0.00787,             0.00787,             0.00787
                  73,            0.029131,           0.0073471,          0.00082442,             0.95868,             0.94124,             0.96099,             0.70228,            0.018952,           0.0056359,          0.00040992,             0.00784,             0.00784,             0.00784
                  74,            0.028955,           0.0075302,          0.00093178,             0.95672,             0.94521,              0.9629,             0.69461,            0.019858,           0.0058176,          0.00044502,             0.00781,             0.00781,             0.00781
                  75,            0.028191,           0.0073327,          0.00093042,             0.96109,              0.9231,             0.95577,             0.68062,            0.020137,           0.0056377,          0.00038124,             0.00778,             0.00778,             0.00778
                  76,            0.028909,           0.0075682,          0.00080712,             0.95269,             0.91323,             0.95449,             0.67034,            0.020547,           0.0060188,          0.00043041,             0.00775,             0.00775,             0.00775
                  77,            0.028617,           0.0074909,          0.00090059,             0.96378,             0.92915,             0.96117,             0.68979,            0.018879,           0.0055501,          0.00042808,             0.00772,             0.00772,             0.00772
                  78,            0.028101,           0.0071921,           0.0010556,             0.96135,             0.93722,             0.96144,              0.7264,            0.017793,           0.0054155,          0.00042426,             0.00769,             0.00769,             0.00769
                  79,            0.027734,           0.0071569,          0.00087644,             0.96685,             0.94192,             0.96491,             0.69418,            0.019204,           0.0054717,          0.00038127,             0.00766,             0.00766,             0.00766
                  80,            0.028407,           0.0074305,          0.00079646,             0.95222,               0.924,             0.95998,             0.68192,            0.019937,           0.0057477,          0.00042542,             0.00763,             0.00763,             0.00763
                  81,            0.027548,           0.0071742,          0.00084166,             0.94855,             0.92393,             0.95322,             0.66533,            0.020711,           0.0057924,          0.00040339,              0.0076,              0.0076,              0.0076
                  82,            0.028666,           0.0069214,           0.0011169,             0.96095,             0.94131,             0.96384,             0.69281,            0.019024,           0.0054645,          0.00043876,             0.00757,             0.00757,             0.00757
                  83,            0.027426,           0.0073478,          0.00090706,             0.96844,             0.93008,             0.96042,             0.71478,            0.018705,           0.0056759,          0.00043179,             0.00754,             0.00754,             0.00754
                  84,            0.027057,           0.0071027,          0.00077179,             0.96004,             0.93907,             0.96424,             0.70605,            0.018845,           0.0054127,          0.00042805,             0.00751,             0.00751,             0.00751
                  85,            0.028267,           0.0076365,          0.00088384,               0.967,             0.93233,             0.96307,             0.69834,            0.018706,           0.0055657,          0.00039023,             0.00748,             0.00748,             0.00748
                  86,            0.027222,           0.0069871,          0.00082334,             0.97108,             0.93062,              0.9619,              0.6898,            0.018524,           0.0055294,          0.00040253,             0.00745,             0.00745,             0.00745
                  87,            0.027621,           0.0072164,           0.0010946,             0.96385,             0.93782,             0.96506,             0.71705,            0.017891,             0.00554,          0.00041849,             0.00742,             0.00742,             0.00742
                  88,            0.027707,           0.0073901,          0.00078064,             0.95441,              0.9451,             0.96482,             0.69827,             0.01881,           0.0055029,           0.0003865,             0.00739,             0.00739,             0.00739
                  89,            0.027575,           0.0071388,          0.00080634,             0.96868,             0.93162,             0.96257,             0.70481,            0.018551,           0.0053184,          0.00036023,             0.00736,             0.00736,             0.00736
                  90,            0.027373,           0.0069811,          0.00098745,             0.96842,             0.93156,             0.96586,             0.70614,            0.018272,           0.0053675,          0.00038183,             0.00733,             0.00733,             0.00733
                  91,            0.027143,           0.0072219,          0.00069975,             0.96527,             0.93767,             0.96485,             0.69118,            0.018413,           0.0055563,          0.00035346,              0.0073,              0.0073,              0.0073
                  92,            0.027331,           0.0070954,          0.00092816,             0.96867,             0.94272,             0.96759,             0.72294,             0.01765,           0.0053153,           0.0003865,             0.00727,             0.00727,             0.00727
                  93,            0.027003,           0.0070305,          0.00082281,             0.96583,             0.94789,             0.96506,             0.72333,            0.017951,           0.0053782,          0.00040437,             0.00724,             0.00724,             0.00724
                  94,            0.026667,           0.0073632,          0.00082384,             0.94036,             0.92342,             0.96099,              0.7037,            0.018911,           0.0056233,          0.00036211,             0.00721,             0.00721,             0.00721
                  95,            0.027073,           0.0070349,          0.00080932,             0.95842,             0.91659,             0.95804,             0.68587,            0.019938,           0.0057121,          0.00039406,             0.00718,             0.00718,             0.00718
                  96,             0.02626,           0.0070868,          0.00084383,             0.96842,             0.93095,             0.96353,             0.72742,            0.017211,           0.0052948,          0.00038584,             0.00715,             0.00715,             0.00715
                  97,            0.026708,           0.0067647,          0.00086634,             0.97187,             0.94454,             0.96828,             0.71678,            0.017599,           0.0053386,          0.00036581,             0.00712,             0.00712,             0.00712
                  98,             0.02666,           0.0069695,            0.000937,             0.96315,             0.94434,             0.96401,             0.71369,            0.017713,           0.0051415,           0.0003484,             0.00709,             0.00709,             0.00709
                  99,            0.026689,           0.0070568,          0.00094143,             0.96289,              0.9112,             0.94972,             0.71241,            0.018126,           0.0053501,          0.00040678,             0.00706,             0.00706,             0.00706
                 100,            0.026867,           0.0068759,          0.00079804,             0.96332,             0.94741,             0.96802,             0.72863,            0.017505,           0.0051592,          0.00033739,             0.00703,             0.00703,             0.00703
                 101,            0.026647,           0.0070132,          0.00090147,              0.9618,             0.95002,             0.96799,             0.72545,            0.017367,             0.00516,          0.00036138,               0.007,               0.007,               0.007
                 102,            0.026111,            0.006711,          0.00064807,               0.967,             0.94309,             0.96453,             0.71836,            0.017574,           0.0053242,           0.0003184,             0.00697,             0.00697,             0.00697
                 103,            0.026108,           0.0070208,           0.0007379,             0.96423,             0.94664,             0.96844,             0.72872,            0.017561,           0.0051938,          0.00034498,             0.00694,             0.00694,             0.00694
                 104,            0.025849,           0.0068393,          0.00085557,             0.97115,             0.93456,             0.96238,             0.72109,            0.017782,           0.0051965,          0.00033477,             0.00691,             0.00691,             0.00691
                 105,            0.026069,           0.0070233,          0.00077694,             0.96514,             0.95355,             0.96885,             0.73565,            0.017268,           0.0050842,          0.00035234,             0.00688,             0.00688,             0.00688
                 106,            0.026849,           0.0067245,          0.00076443,             0.96436,             0.95263,             0.96796,             0.74198,            0.017114,           0.0051443,          0.00036766,             0.00685,             0.00685,             0.00685
                 107,            0.025729,           0.0068678,          0.00090173,             0.96621,             0.95087,             0.96824,             0.73292,            0.016969,            0.005248,          0.00038865,             0.00682,             0.00682,             0.00682
                 108,            0.025137,           0.0070215,          0.00071721,             0.96821,             0.94069,             0.96893,             0.72933,             0.01723,           0.0053529,          0.00033996,             0.00679,             0.00679,             0.00679
                 109,            0.026291,           0.0070654,           0.0007087,             0.97168,             0.92764,             0.96591,             0.71578,            0.017792,            0.005457,           0.0003268,             0.00676,             0.00676,             0.00676
                 110,             0.02571,           0.0068134,           0.0008109,             0.97163,             0.94421,             0.96847,              0.7421,            0.016602,           0.0051688,          0.00033008,             0.00673,             0.00673,             0.00673
                 111,            0.025433,           0.0067735,           0.0008401,             0.96759,             0.93833,             0.96534,             0.72891,            0.017464,           0.0052049,          0.00033488,              0.0067,              0.0067,              0.0067
                 112,            0.025449,           0.0068198,          0.00072001,             0.95839,             0.94513,             0.96831,              0.7273,            0.017128,           0.0051967,          0.00034012,             0.00667,             0.00667,             0.00667
                 113,            0.025158,           0.0068979,          0.00072764,             0.97161,             0.94246,              0.9679,             0.73346,            0.016922,           0.0052153,          0.00035293,             0.00664,             0.00664,             0.00664
                 114,            0.025514,           0.0066337,          0.00077342,             0.97194,             0.94592,              0.9699,             0.72904,            0.017389,           0.0052315,          0.00040634,             0.00661,             0.00661,             0.00661
                 115,            0.025738,           0.0067089,          0.00076497,             0.96385,             0.94897,             0.96903,             0.74494,            0.016263,           0.0054168,          0.00038275,             0.00658,             0.00658,             0.00658
                 116,            0.024747,           0.0068629,          0.00096851,             0.96554,             0.94314,             0.96615,             0.72695,            0.016889,           0.0057674,          0.00038335,             0.00655,             0.00655,             0.00655
                 117,            0.025871,           0.0065092,          0.00090339,             0.96597,             0.94083,             0.97016,             0.73563,             0.01722,           0.0053872,          0.00035072,             0.00652,             0.00652,             0.00652
                 118,             0.02463,              0.0063,          0.00068383,             0.95864,             0.95198,             0.97107,             0.75376,            0.016218,           0.0051888,          0.00035194,             0.00649,             0.00649,             0.00649
                 119,            0.024838,           0.0064009,           0.0006254,             0.96315,             0.94821,             0.96788,             0.73892,            0.017026,           0.0052242,           0.0003653,             0.00646,             0.00646,             0.00646
                 120,            0.024239,           0.0063918,          0.00085398,             0.96879,             0.94839,              0.9677,             0.75216,            0.016168,           0.0051912,          0.00034397,             0.00643,             0.00643,             0.00643
                 121,            0.025412,           0.0067241,          0.00066063,             0.97029,             0.94598,             0.96772,              0.7484,            0.016192,           0.0050058,          0.00033336,              0.0064,              0.0064,              0.0064
                 122,            0.024531,           0.0063028,          0.00069819,             0.96865,             0.94634,             0.96843,             0.74361,             0.01686,           0.0052264,          0.00035088,             0.00637,             0.00637,             0.00637
                 123,            0.025167,           0.0068779,          0.00069001,             0.97127,             0.94709,             0.96861,             0.75705,            0.015863,           0.0049992,           0.0003329,             0.00634,             0.00634,             0.00634
                 124,            0.024858,           0.0063974,          0.00067749,             0.97087,             0.94895,             0.97161,              0.7561,            0.015977,           0.0049352,          0.00031468,             0.00631,             0.00631,             0.00631
                 125,            0.024566,            0.006482,          0.00063868,             0.97173,             0.95338,             0.97139,             0.74864,            0.016086,            0.005073,          0.00030177,             0.00628,             0.00628,             0.00628
                 126,            0.024925,            0.006772,          0.00068552,             0.97277,             0.94245,             0.97112,             0.73649,            0.016709,           0.0052753,          0.00030381,             0.00625,             0.00625,             0.00625
                 127,            0.024683,           0.0064304,          0.00068445,             0.96231,             0.95567,             0.96916,             0.75291,            0.015965,           0.0049374,           0.0003296,             0.00622,             0.00622,             0.00622
                 128,            0.024838,            0.006498,          0.00072661,             0.96549,             0.94718,             0.96851,             0.74549,            0.016828,           0.0050628,          0.00038505,             0.00619,             0.00619,             0.00619
                 129,            0.023757,           0.0061876,           0.0006711,             0.97197,             0.94476,             0.97251,             0.75458,            0.016343,           0.0051473,          0.00030803,             0.00616,             0.00616,             0.00616
                 130,            0.025098,           0.0063454,          0.00077814,              0.9665,             0.95133,             0.96822,             0.75122,            0.015883,           0.0049696,          0.00031082,             0.00613,             0.00613,             0.00613
                 131,             0.02397,           0.0061334,          0.00081675,             0.97271,               0.935,             0.96834,              0.7321,            0.017249,           0.0052369,          0.00039095,              0.0061,              0.0061,              0.0061
                 132,            0.024205,           0.0061087,          0.00068267,             0.97351,             0.95306,             0.97398,             0.74686,            0.016191,           0.0048212,          0.00033949,             0.00607,             0.00607,             0.00607
                 133,            0.024949,            0.006232,           0.0007555,             0.96271,             0.95851,             0.97243,             0.76596,             0.01576,           0.0048153,           0.0003171,             0.00604,             0.00604,             0.00604
                 134,            0.023707,            0.006698,           0.0006987,             0.97534,             0.94366,              0.9718,             0.76205,            0.015653,           0.0047967,          0.00030037,             0.00601,             0.00601,             0.00601
                 135,            0.024545,           0.0069283,          0.00074724,             0.96694,             0.95738,             0.97191,             0.76962,            0.015326,           0.0048653,          0.00031279,             0.00598,             0.00598,             0.00598
                 136,            0.024447,           0.0062996,          0.00062533,              0.9734,             0.94698,             0.96993,             0.75421,            0.015624,           0.0049058,          0.00030511,             0.00595,             0.00595,             0.00595
                 137,            0.023544,           0.0063319,          0.00083674,             0.97533,             0.94731,             0.97206,             0.77091,            0.015273,           0.0049179,          0.00032999,             0.00592,             0.00592,             0.00592
                 138,             0.02473,           0.0065575,          0.00078746,             0.97416,             0.95153,             0.97237,             0.76431,            0.015404,            0.004866,          0.00044685,             0.00589,             0.00589,             0.00589
                 139,            0.023688,           0.0063811,           0.0007902,             0.97583,             0.95371,             0.97318,             0.76843,             0.01516,           0.0047991,           0.0003068,             0.00586,             0.00586,             0.00586
                 140,            0.023934,           0.0062825,          0.00064338,             0.96984,             0.95524,              0.9739,             0.76879,            0.015769,           0.0048047,          0.00031151,             0.00583,             0.00583,             0.00583
                 141,            0.023805,           0.0063993,          0.00076756,             0.97281,             0.94508,             0.97287,             0.75768,            0.015883,           0.0049669,          0.00031369,              0.0058,              0.0058,              0.0058
                 142,            0.023836,           0.0065681,          0.00081891,             0.97818,             0.95233,             0.97146,             0.76577,            0.015283,           0.0047307,          0.00029139,             0.00577,             0.00577,             0.00577
                 143,            0.023215,           0.0061429,           0.0005993,               0.969,             0.94352,               0.968,             0.73587,            0.016693,           0.0050442,          0.00035864,             0.00574,             0.00574,             0.00574
                 144,            0.024177,           0.0063806,          0.00072404,              0.9762,             0.95108,             0.97212,             0.76838,            0.015547,           0.0048066,          0.00029295,             0.00571,             0.00571,             0.00571
                 145,            0.023036,           0.0063084,          0.00068698,             0.97683,             0.95577,             0.97476,             0.76772,            0.014983,           0.0047073,          0.00029874,             0.00568,             0.00568,             0.00568
                 146,            0.023469,           0.0064482,          0.00066744,             0.97713,             0.95427,             0.97485,             0.76125,            0.015243,           0.0047749,          0.00027505,             0.00565,             0.00565,             0.00565
                 147,            0.023155,           0.0062512,          0.00073618,             0.97358,             0.95679,             0.97442,             0.77105,             0.01514,           0.0047141,           0.0002749,             0.00562,             0.00562,             0.00562
                 148,             0.02388,            0.006121,          0.00072445,             0.97547,             0.95028,             0.97362,             0.77531,            0.015109,           0.0046862,          0.00028526,             0.00559,             0.00559,             0.00559
                 149,            0.022965,           0.0061857,          0.00059617,             0.97234,             0.95582,             0.97302,             0.76897,            0.015171,           0.0047016,          0.00028097,             0.00556,             0.00556,             0.00556
                 150,            0.022516,           0.0063251,          0.00055937,             0.97823,             0.94929,             0.97219,             0.77906,            0.014876,           0.0047287,          0.00028475,             0.00553,             0.00553,             0.00553
                 151,            0.022728,            0.006382,          0.00069544,             0.97306,             0.96269,              0.9759,             0.77926,            0.014945,           0.0046089,            0.000287,              0.0055,              0.0055,              0.0055
                 152,            0.023054,            0.006564,          0.00066829,             0.97518,             0.95682,             0.97482,             0.76939,            0.015421,           0.0046568,          0.00028381,             0.00547,             0.00547,             0.00547
                 153,            0.022844,           0.0064554,          0.00069046,             0.97773,             0.94896,             0.97257,             0.77483,            0.014431,           0.0046239,          0.00026664,             0.00544,             0.00544,             0.00544
                 154,            0.023259,           0.0063338,          0.00080297,              0.9764,             0.95288,             0.97518,             0.76998,            0.014937,           0.0046066,          0.00025918,             0.00541,             0.00541,             0.00541
                 155,            0.023207,           0.0060135,          0.00055724,             0.97293,             0.95434,             0.97491,             0.75449,             0.01559,           0.0047755,          0.00028414,             0.00538,             0.00538,             0.00538
                 156,            0.022942,           0.0060574,           0.0006584,             0.97571,             0.95319,             0.97328,              0.7777,            0.014453,           0.0045976,          0.00027085,             0.00535,             0.00535,             0.00535
                 157,            0.023071,           0.0063813,           0.0007581,             0.97455,             0.94856,             0.97205,             0.77419,            0.014766,           0.0046834,          0.00026559,             0.00532,             0.00532,             0.00532
                 158,            0.022227,            0.006176,          0.00066797,             0.97596,             0.95094,              0.9727,             0.76719,            0.015218,           0.0047253,          0.00027561,             0.00529,             0.00529,             0.00529
                 159,            0.022736,           0.0064744,          0.00082312,             0.97455,             0.95787,             0.97315,             0.77596,            0.014671,           0.0046546,          0.00026069,             0.00526,             0.00526,             0.00526
                 160,            0.022375,           0.0062524,          0.00063329,             0.97793,             0.95457,             0.97545,             0.77407,             0.01451,           0.0047397,          0.00024051,             0.00523,             0.00523,             0.00523
                 161,            0.022835,           0.0060389,          0.00073458,             0.97103,             0.94988,             0.97106,             0.78096,            0.014381,           0.0047149,          0.00026214,              0.0052,              0.0052,              0.0052
                 162,            0.023177,           0.0061342,          0.00062793,             0.97461,             0.95867,             0.97507,             0.78443,              0.0142,           0.0046135,          0.00027677,             0.00517,             0.00517,             0.00517
                 163,            0.021844,           0.0062083,          0.00074604,              0.9802,             0.95065,             0.97556,             0.78202,             0.01464,             0.00464,          0.00029963,             0.00514,             0.00514,             0.00514
                 164,            0.022519,           0.0063269,          0.00068012,             0.97961,             0.94725,             0.97405,             0.77115,             0.01495,           0.0046425,          0.00025046,             0.00511,             0.00511,             0.00511
                 165,            0.022209,            0.005944,          0.00068624,             0.98189,             0.95292,             0.97522,             0.77528,             0.01486,           0.0047617,          0.00029381,             0.00508,             0.00508,             0.00508
                 166,            0.022386,           0.0062152,          0.00074204,             0.97519,             0.96124,             0.97511,             0.79094,             0.01396,            0.004719,          0.00026202,             0.00505,             0.00505,             0.00505
                 167,            0.022017,           0.0062709,          0.00095213,             0.97705,             0.95964,             0.97439,              0.7931,            0.013845,           0.0046095,          0.00025551,             0.00502,             0.00502,             0.00502
                 168,            0.022732,           0.0062244,          0.00077298,             0.97657,             0.95015,             0.97415,             0.76907,            0.014936,            0.004618,          0.00024467,             0.00499,             0.00499,             0.00499
                 169,            0.022606,           0.0062953,          0.00075934,             0.97789,             0.94947,             0.97412,             0.77705,            0.014755,           0.0045497,          0.00026312,             0.00496,             0.00496,             0.00496
                 170,            0.022549,           0.0059376,          0.00063261,             0.98132,             0.95682,             0.97555,             0.78744,            0.014179,           0.0047129,          0.00030005,             0.00493,             0.00493,             0.00493
                 171,            0.022039,           0.0059244,          0.00076202,             0.97497,             0.95718,             0.97518,             0.77993,            0.014812,           0.0044995,          0.00025143,              0.0049,              0.0049,              0.0049
                 172,            0.021762,           0.0062384,          0.00076195,             0.96991,             0.95931,             0.97441,             0.77869,            0.014022,           0.0045179,           0.0002555,             0.00487,             0.00487,             0.00487
                 173,            0.022429,           0.0061606,          0.00072957,             0.97325,              0.9618,             0.97558,             0.77452,             0.01444,           0.0046859,           0.0002536,             0.00484,             0.00484,             0.00484
                 174,            0.022048,           0.0059549,          0.00063971,             0.97949,             0.95734,             0.97625,             0.78877,            0.013991,           0.0046232,          0.00022858,             0.00481,             0.00481,             0.00481
                 175,            0.022096,           0.0060697,          0.00068056,             0.97675,             0.95757,             0.97488,             0.78589,            0.014201,           0.0047409,          0.00024874,             0.00478,             0.00478,             0.00478
                 176,            0.021795,           0.0059555,          0.00070935,             0.98014,             0.95853,             0.97594,             0.79326,            0.013837,           0.0046018,          0.00024198,             0.00475,             0.00475,             0.00475
                 177,            0.022381,           0.0062138,          0.00083356,             0.98025,             0.95662,             0.97635,             0.79736,            0.014048,           0.0047574,          0.00024951,             0.00472,             0.00472,             0.00472
                 178,             0.02173,            0.006182,           0.0007053,             0.97858,             0.95952,             0.97627,             0.79592,            0.013758,           0.0045934,          0.00023877,             0.00469,             0.00469,             0.00469
                 179,            0.021418,           0.0060688,          0.00094762,             0.97882,             0.95731,             0.97525,             0.79009,            0.014101,           0.0047417,          0.00027326,             0.00466,             0.00466,             0.00466
                 180,            0.021698,           0.0057608,          0.00060969,             0.97538,             0.95379,             0.97561,             0.78965,             0.01412,           0.0046772,          0.00024851,             0.00463,             0.00463,             0.00463
                 181,            0.021713,           0.0057301,           0.0008124,              0.9693,             0.96536,             0.97633,              0.7914,            0.013973,           0.0044748,          0.00024425,              0.0046,              0.0046,              0.0046
                 182,            0.022071,           0.0060472,          0.00074042,             0.97441,             0.95893,             0.97705,             0.78468,            0.014346,           0.0045896,          0.00023596,             0.00457,             0.00457,             0.00457
                 183,             0.02201,           0.0060443,          0.00058418,             0.97303,             0.96342,             0.97524,              0.7994,             0.01352,           0.0043947,          0.00022596,             0.00454,             0.00454,             0.00454
                 184,            0.021748,           0.0058926,          0.00068405,             0.97964,             0.95285,             0.97512,             0.78895,              0.0138,           0.0045158,          0.00021463,             0.00451,             0.00451,             0.00451
                 185,            0.021591,           0.0059217,          0.00052726,             0.97735,             0.96408,             0.97724,             0.79182,            0.013644,           0.0046279,          0.00021474,             0.00448,             0.00448,             0.00448
                 186,             0.02143,           0.0059072,           0.0005446,             0.97714,             0.96626,             0.97883,             0.80226,            0.013479,           0.0043118,          0.00021779,             0.00445,             0.00445,             0.00445
                 187,            0.020973,           0.0057115,          0.00070424,             0.97228,             0.96513,             0.97623,             0.80081,            0.013253,           0.0044033,          0.00022731,             0.00442,             0.00442,             0.00442
                 188,            0.021181,           0.0056796,          0.00056349,              0.9743,             0.96567,             0.97627,             0.79663,            0.013322,           0.0044018,          0.00022759,             0.00439,             0.00439,             0.00439
                 189,            0.021392,           0.0060146,          0.00065956,              0.9739,             0.97002,             0.97934,             0.80247,            0.013488,           0.0044057,          0.00022554,             0.00436,             0.00436,             0.00436
                 190,            0.021387,           0.0059904,           0.0005635,             0.96979,             0.96563,             0.97629,             0.80614,            0.013394,           0.0043358,          0.00024298,             0.00433,             0.00433,             0.00433
                 191,            0.021308,           0.0058389,          0.00067537,             0.98305,             0.95874,             0.97864,             0.80309,            0.013641,           0.0043342,          0.00023813,              0.0043,              0.0043,              0.0043
                 192,            0.022002,           0.0062749,          0.00066433,              0.9794,             0.96263,             0.97877,             0.80301,            0.013868,           0.0042863,          0.00023025,             0.00427,             0.00427,             0.00427
                 193,             0.02075,            0.005741,          0.00064085,             0.97982,              0.9583,             0.97625,             0.79897,            0.013412,           0.0043879,          0.00021265,             0.00424,             0.00424,             0.00424
                 194,            0.021054,           0.0057614,          0.00068915,             0.97935,             0.96411,             0.97889,             0.80528,            0.013329,           0.0043606,          0.00020704,             0.00421,             0.00421,             0.00421
                 195,            0.021651,           0.0059739,          0.00067767,             0.97756,             0.96511,             0.97666,             0.80609,            0.012949,           0.0043512,          0.00021085,             0.00418,             0.00418,             0.00418
                 196,             0.02163,           0.0060108,           0.0006541,             0.97601,             0.96516,             0.97796,             0.80888,            0.013001,           0.0043616,          0.00022072,             0.00415,             0.00415,             0.00415
                 197,            0.021766,           0.0058651,          0.00045548,             0.97706,             0.96329,             0.97648,             0.80799,            0.013303,           0.0042795,          0.00021834,             0.00412,             0.00412,             0.00412
                 198,            0.020844,           0.0056911,          0.00063726,             0.98091,             0.95928,              0.9769,             0.81003,            0.013224,           0.0042448,          0.00021051,             0.00409,             0.00409,             0.00409
                 199,            0.021563,           0.0059788,          0.00053105,              0.9777,             0.96395,             0.97659,             0.81077,            0.013109,           0.0044047,           0.0002177,             0.00406,             0.00406,             0.00406
                 200,            0.020691,           0.0058908,          0.00068648,             0.97986,             0.96346,             0.97689,              0.8058,            0.013427,           0.0044035,          0.00021594,             0.00403,             0.00403,             0.00403
                 201,            0.021113,            0.005657,          0.00057796,             0.97272,             0.96365,              0.9781,             0.79739,            0.013683,           0.0044271,          0.00023853,               0.004,               0.004,               0.004
                 202,            0.021157,           0.0057464,          0.00084975,             0.97216,             0.96078,              0.9764,             0.80483,            0.013191,           0.0043265,          0.00022539,             0.00397,             0.00397,             0.00397
                 203,            0.020324,           0.0057184,          0.00050964,             0.97043,             0.96852,             0.97712,             0.80456,            0.013567,           0.0043242,          0.00022845,             0.00394,             0.00394,             0.00394
                 204,            0.020414,           0.0055868,          0.00070372,             0.98473,             0.96123,              0.9785,             0.80371,            0.013304,           0.0042907,          0.00021941,             0.00391,             0.00391,             0.00391
                 205,            0.021169,           0.0059293,           0.0005864,             0.98108,             0.96164,             0.98008,             0.81605,            0.012844,           0.0042384,          0.00021896,             0.00388,             0.00388,             0.00388
                 206,            0.020978,           0.0056813,          0.00054897,             0.97944,             0.96407,             0.97816,             0.81583,            0.012898,           0.0043868,          0.00021756,             0.00385,             0.00385,             0.00385
                 207,            0.021053,           0.0058072,          0.00056214,             0.98257,              0.9656,             0.97745,             0.80095,            0.013152,           0.0043395,          0.00022836,             0.00382,             0.00382,             0.00382
                 208,            0.020419,           0.0055888,          0.00071461,              0.9784,             0.96778,             0.97866,             0.80969,            0.013075,           0.0043183,          0.00023479,             0.00379,             0.00379,             0.00379
                 209,            0.021289,           0.0058665,          0.00066778,             0.98161,             0.96586,             0.97909,             0.80454,            0.013362,           0.0042659,          0.00022579,             0.00376,             0.00376,             0.00376
                 210,            0.020545,           0.0054516,          0.00059721,             0.98022,             0.96131,             0.97665,             0.80052,            0.013157,           0.0042054,          0.00021964,             0.00373,             0.00373,             0.00373
                 211,            0.020045,            0.005557,          0.00068745,             0.97904,             0.95939,             0.97658,             0.80907,            0.013024,           0.0042233,          0.00023046,              0.0037,              0.0037,              0.0037
                 212,            0.019842,           0.0056805,          0.00064745,              0.9805,             0.96553,              0.9775,             0.81771,             0.01262,           0.0041944,          0.00021107,             0.00367,             0.00367,             0.00367
                 213,            0.020444,           0.0054293,          0.00056498,             0.98006,             0.96552,             0.97794,             0.81195,            0.012398,           0.0042808,          0.00020162,             0.00364,             0.00364,             0.00364
                 214,            0.020077,           0.0058788,          0.00063378,             0.98207,             0.96366,              0.9774,              0.8145,            0.012542,           0.0042166,          0.00019361,             0.00361,             0.00361,             0.00361
                 215,            0.020082,           0.0056854,          0.00074124,             0.98118,             0.96329,             0.97751,             0.81858,            0.012363,            0.004222,          0.00021039,             0.00358,             0.00358,             0.00358
                 216,            0.020572,           0.0056969,          0.00051019,             0.96938,             0.96733,             0.97968,             0.81366,            0.012733,           0.0043202,          0.00020849,             0.00355,             0.00355,             0.00355
                 217,            0.020834,           0.0057178,           0.0006622,             0.98015,             0.95862,             0.97871,             0.80799,            0.012878,           0.0043893,          0.00018874,             0.00352,             0.00352,             0.00352
                 218,            0.019907,           0.0054156,          0.00053287,             0.98385,             0.95998,             0.97768,             0.82217,            0.012359,             0.00434,           0.0001916,             0.00349,             0.00349,             0.00349
                 219,            0.019417,           0.0055396,          0.00052984,              0.9794,             0.96599,             0.97864,             0.81843,            0.012385,           0.0043375,          0.00019275,             0.00346,             0.00346,             0.00346
                 220,            0.019924,           0.0057034,          0.00052488,             0.97873,             0.96588,             0.97803,             0.81497,            0.012551,           0.0043264,          0.00019711,             0.00343,             0.00343,             0.00343
                 221,            0.019989,           0.0054392,           0.0004276,             0.97879,             0.96483,             0.97812,             0.81439,            0.012806,           0.0042722,           0.0001921,              0.0034,              0.0034,              0.0034
                 222,            0.019974,           0.0055255,          0.00065774,             0.98058,             0.95992,             0.98004,             0.81907,            0.012342,           0.0042518,          0.00018692,             0.00337,             0.00337,             0.00337
                 223,            0.019785,           0.0055326,          0.00056384,             0.98115,             0.96258,             0.97995,              0.8139,            0.012731,           0.0041943,          0.00019669,             0.00334,             0.00334,             0.00334
                 224,            0.019612,           0.0053169,          0.00055455,             0.98249,             0.96002,             0.97951,             0.81713,            0.012509,            0.004116,          0.00020011,             0.00331,             0.00331,             0.00331
                 225,            0.019954,           0.0055502,          0.00053826,              0.9826,             0.96131,             0.97972,             0.82263,            0.012448,           0.0041189,          0.00020372,             0.00328,             0.00328,             0.00328
                 226,            0.020012,           0.0055271,          0.00067081,              0.9811,             0.95906,             0.97689,             0.82276,             0.01222,           0.0041181,          0.00020164,             0.00325,             0.00325,             0.00325
                 227,            0.019024,           0.0053168,          0.00065208,             0.98103,             0.96209,             0.97754,             0.82044,            0.012422,           0.0042215,          0.00019866,             0.00322,             0.00322,             0.00322
                 228,            0.019371,           0.0054545,          0.00056387,             0.98226,             0.96228,             0.98014,             0.82045,            0.012285,           0.0041552,          0.00019284,             0.00319,             0.00319,             0.00319
                 229,              0.0202,            0.005804,          0.00055608,             0.97926,              0.9698,             0.98085,             0.82347,            0.012103,           0.0041385,           0.0001725,             0.00316,             0.00316,             0.00316
                 230,            0.019785,           0.0056257,          0.00061657,             0.98122,             0.96416,              0.9774,             0.83044,            0.011959,           0.0041289,          0.00017865,             0.00313,             0.00313,             0.00313
                 231,            0.019378,           0.0054352,          0.00042148,             0.98474,             0.95971,             0.97758,             0.82349,            0.012193,           0.0041429,          0.00018385,              0.0031,              0.0031,              0.0031
                 232,            0.019244,           0.0055992,           0.0006047,             0.98267,              0.9623,             0.98008,             0.82387,            0.012224,           0.0040659,          0.00017538,             0.00307,             0.00307,             0.00307
                 233,            0.019022,            0.005333,          0.00042749,             0.98009,               0.968,             0.98003,             0.81749,            0.012287,           0.0041781,          0.00016535,             0.00304,             0.00304,             0.00304
                 234,            0.018854,           0.0055704,          0.00062774,             0.98107,             0.96474,             0.97799,             0.82127,            0.012284,            0.004382,          0.00016838,             0.00301,             0.00301,             0.00301
                 235,            0.019944,           0.0056993,          0.00066003,             0.98252,             0.96494,             0.98043,             0.82473,            0.012088,           0.0041984,          0.00016296,             0.00298,             0.00298,             0.00298
                 236,             0.01959,           0.0055012,          0.00046794,             0.98039,              0.9674,             0.98106,             0.82269,            0.012173,           0.0040797,           0.0001624,             0.00295,             0.00295,             0.00295
                 237,            0.018896,           0.0053855,          0.00061459,             0.97629,             0.96943,             0.98089,             0.82499,            0.012119,           0.0041588,          0.00016565,             0.00292,             0.00292,             0.00292
                 238,            0.018729,           0.0051477,          0.00047461,             0.97839,              0.9663,             0.97822,              0.8223,            0.012311,           0.0042404,          0.00016471,             0.00289,             0.00289,             0.00289
                 239,            0.019165,           0.0053675,          0.00047858,             0.98069,             0.96792,             0.98045,             0.82666,            0.012063,           0.0043186,          0.00016569,             0.00286,             0.00286,             0.00286
                 240,            0.019292,           0.0053109,          0.00060803,             0.98315,             0.96335,             0.98039,              0.8264,            0.011968,           0.0041589,          0.00016315,             0.00283,             0.00283,             0.00283
                 241,            0.019034,           0.0054528,           0.0005818,             0.98525,             0.96231,             0.98065,             0.82804,            0.012042,            0.004275,          0.00019943,              0.0028,              0.0028,              0.0028
                 242,            0.019647,           0.0054517,          0.00054446,             0.98111,             0.96937,             0.98109,             0.82691,             0.01212,           0.0042415,           0.0001809,             0.00277,             0.00277,             0.00277
                 243,            0.019142,           0.0053479,          0.00058575,             0.97969,             0.96375,              0.9808,             0.82592,            0.012255,           0.0041218,          0.00016953,             0.00274,             0.00274,             0.00274
                 244,             0.01841,           0.0052876,          0.00062264,               0.981,             0.96539,             0.97844,             0.82816,             0.01184,           0.0041981,          0.00016455,             0.00271,             0.00271,             0.00271
                 245,            0.019326,           0.0055871,          0.00053137,             0.98272,             0.96883,             0.98095,             0.83037,            0.011766,            0.004058,          0.00016714,             0.00268,             0.00268,             0.00268
                 246,            0.019339,           0.0053386,          0.00051818,             0.98185,              0.9666,             0.97922,              0.8357,            0.011668,           0.0041021,          0.00015392,             0.00265,             0.00265,             0.00265
                 247,             0.01897,           0.0053517,          0.00045322,             0.97754,             0.96798,              0.9806,             0.82681,            0.012069,           0.0040907,          0.00014409,             0.00262,             0.00262,             0.00262
                 248,            0.018848,           0.0054092,          0.00052944,             0.98062,             0.96655,             0.98017,             0.82954,            0.011729,            0.004214,           0.0001534,             0.00259,             0.00259,             0.00259
                 249,            0.018305,           0.0052111,          0.00046935,             0.98171,             0.96699,             0.98118,             0.82886,            0.011888,           0.0044679,          0.00016204,             0.00256,             0.00256,             0.00256
                 250,            0.018924,           0.0052313,          0.00055861,             0.98243,             0.96328,               0.978,             0.83041,            0.011946,           0.0043439,          0.00015183,             0.00253,             0.00253,             0.00253
                 251,            0.019013,           0.0055084,          0.00054777,             0.98168,             0.96294,             0.97796,             0.83682,            0.011859,           0.0043169,           0.0001458,              0.0025,              0.0025,              0.0025
                 252,            0.018666,           0.0052155,          0.00058129,             0.98233,             0.96626,             0.98144,             0.83641,            0.011686,           0.0041711,          0.00017629,             0.00247,             0.00247,             0.00247
                 253,            0.018797,           0.0052377,          0.00056088,              0.9856,             0.96322,             0.97789,             0.83216,            0.012019,           0.0040747,          0.00015891,             0.00244,             0.00244,             0.00244
                 254,            0.018431,           0.0055076,          0.00050883,             0.97938,             0.96659,             0.97797,             0.83515,             0.01176,           0.0040904,          0.00014176,             0.00241,             0.00241,             0.00241
                 255,            0.018504,           0.0053208,          0.00049213,             0.98349,             0.96068,             0.97775,             0.83212,            0.011941,           0.0040136,          0.00014602,             0.00238,             0.00238,             0.00238
                 256,            0.018221,           0.0049699,          0.00050024,             0.98406,             0.96367,             0.97819,             0.83487,            0.011749,           0.0040878,          0.00013679,             0.00235,             0.00235,             0.00235
                 257,            0.018685,           0.0054974,           0.0005635,             0.98531,             0.96052,             0.98045,             0.83892,            0.011589,           0.0041097,          0.00014285,             0.00232,             0.00232,             0.00232
                 258,             0.01895,           0.0054525,          0.00051143,             0.98049,             0.96904,             0.98101,             0.83729,            0.011458,           0.0041472,           0.0001443,             0.00229,             0.00229,             0.00229
                 259,            0.018336,           0.0051028,          0.00053812,               0.983,             0.96784,             0.97947,             0.83677,            0.011571,           0.0042075,          0.00013962,             0.00226,             0.00226,             0.00226
                 260,            0.018552,           0.0052765,           0.0006066,              0.9831,             0.96494,              0.9808,             0.83383,            0.011491,           0.0041551,          0.00014313,             0.00223,             0.00223,             0.00223
                 261,            0.018838,           0.0053037,          0.00052109,             0.98433,             0.96294,             0.98095,             0.83761,              0.0116,           0.0042102,          0.00017016,              0.0022,              0.0022,              0.0022
                 262,            0.018483,           0.0052938,          0.00048584,             0.98471,             0.96243,             0.98109,             0.83248,            0.011749,           0.0041487,          0.00016083,             0.00217,             0.00217,             0.00217
                 263,            0.018837,           0.0050831,          0.00049599,             0.98654,             0.96081,             0.98082,              0.8344,            0.011683,           0.0041508,           0.0001391,             0.00214,             0.00214,             0.00214
                 264,            0.018207,            0.005068,          0.00062041,             0.98371,              0.9658,             0.98085,             0.83524,            0.011677,           0.0040402,          0.00013458,             0.00211,             0.00211,             0.00211
                 265,            0.018383,           0.0051327,          0.00050335,             0.98129,               0.968,              0.9811,             0.83817,            0.011435,           0.0039932,          0.00013929,             0.00208,             0.00208,             0.00208
                 266,            0.018021,           0.0052502,          0.00057646,             0.98583,             0.96197,             0.98126,             0.83232,            0.011716,           0.0040166,          0.00014986,             0.00205,             0.00205,             0.00205
                 267,            0.018835,           0.0055191,          0.00039039,             0.98522,             0.96675,             0.98083,             0.83554,            0.011628,           0.0040827,          0.00014853,             0.00202,             0.00202,             0.00202
                 268,            0.018114,           0.0051533,          0.00045516,             0.98825,             0.96307,             0.98141,             0.83619,            0.011544,           0.0041179,          0.00013011,             0.00199,             0.00199,             0.00199
                 269,            0.017865,           0.0052333,          0.00052998,             0.98349,             0.96482,             0.98171,             0.83425,            0.011399,           0.0039842,          0.00013439,             0.00196,             0.00196,             0.00196
                 270,            0.017925,            0.005236,          0.00037923,             0.98481,             0.96203,             0.98077,             0.83807,            0.011392,           0.0039709,          0.00014221,             0.00193,             0.00193,             0.00193
                 271,            0.017795,           0.0049328,          0.00048398,             0.98528,             0.96441,             0.98098,             0.83863,            0.011396,           0.0040586,          0.00013296,              0.0019,              0.0019,              0.0019
                 272,            0.018652,           0.0054067,          0.00060135,              0.9824,             0.96388,             0.98123,             0.83976,            0.011167,           0.0039332,          0.00014888,             0.00187,             0.00187,             0.00187
                 273,            0.017582,           0.0049868,          0.00043314,             0.98147,             0.96188,             0.98019,             0.84032,             0.01124,           0.0039036,          0.00013814,             0.00184,             0.00184,             0.00184
                 274,            0.017786,           0.0051118,          0.00047589,             0.98077,             0.96674,             0.98113,             0.83683,             0.01151,           0.0039198,          0.00013275,             0.00181,             0.00181,             0.00181
                 275,             0.01796,            0.005237,          0.00039642,             0.98414,              0.9673,              0.9814,             0.84092,            0.011035,           0.0039256,           0.0001233,             0.00178,             0.00178,             0.00178
                 276,            0.018058,           0.0052081,          0.00051874,             0.98466,             0.96355,             0.97888,             0.84189,            0.011079,           0.0039313,          0.00012297,             0.00175,             0.00175,             0.00175
                 277,            0.017638,           0.0048922,          0.00050037,             0.98198,             0.96236,             0.98059,             0.84126,            0.011204,           0.0039204,           0.0001204,             0.00172,             0.00172,             0.00172
                 278,            0.018542,           0.0049723,          0.00042611,             0.98076,             0.96355,             0.97948,             0.84085,            0.011208,           0.0039626,            0.000151,             0.00169,             0.00169,             0.00169
                 279,            0.017345,           0.0047287,          0.00034658,             0.98474,             0.96441,             0.98086,             0.84486,            0.010922,           0.0039204,          0.00016517,             0.00166,             0.00166,             0.00166
                 280,            0.017832,           0.0050817,          0.00049376,             0.98487,             0.96421,             0.98068,             0.84262,            0.010988,           0.0038841,          0.00014662,             0.00163,             0.00163,             0.00163
                 281,            0.017392,           0.0048671,          0.00051877,             0.98518,             0.96507,             0.98112,             0.84057,            0.011049,           0.0038745,          0.00012949,              0.0016,              0.0016,              0.0016
                 282,             0.01804,           0.0052885,          0.00042429,              0.9848,             0.96417,             0.98139,             0.83969,            0.011069,           0.0039264,          0.00012442,             0.00157,             0.00157,             0.00157
                 283,            0.017846,           0.0052151,          0.00040226,             0.98366,             0.96639,             0.98167,             0.84233,             0.01119,           0.0039162,          0.00011525,             0.00154,             0.00154,             0.00154
                 284,            0.017482,           0.0050867,          0.00043908,             0.98171,             0.96648,             0.98141,             0.84495,            0.011274,           0.0040454,          0.00011215,             0.00151,             0.00151,             0.00151
                 285,            0.017632,           0.0052318,           0.0003895,             0.98187,             0.96731,             0.98091,             0.84665,            0.011019,           0.0039237,          0.00011222,             0.00148,             0.00148,             0.00148
                 286,            0.017242,           0.0050401,          0.00047199,              0.9863,             0.96122,             0.98144,             0.84242,            0.011105,           0.0038011,          0.00010923,             0.00145,             0.00145,             0.00145
                 287,            0.017993,           0.0050496,           0.0004504,             0.98811,             0.96299,             0.98084,             0.84559,            0.011022,           0.0037681,          0.00011069,             0.00142,             0.00142,             0.00142
                 288,            0.017759,            0.004965,          0.00051195,             0.98483,             0.96414,             0.98109,             0.84153,            0.011243,           0.0038029,          0.00011255,             0.00139,             0.00139,             0.00139
                 289,            0.016963,           0.0050417,           0.0003824,              0.9859,             0.96487,             0.98151,             0.84966,            0.010855,           0.0037404,          0.00010433,             0.00136,             0.00136,             0.00136
                 290,            0.017362,           0.0052688,          0.00049616,             0.98547,             0.96705,             0.98175,             0.85192,            0.010722,           0.0038334,          0.00010368,             0.00133,             0.00133,             0.00133
                 291,            0.017127,           0.0052055,          0.00044418,             0.98423,             0.96982,             0.98188,              0.8505,            0.010836,           0.0038859,          0.00010511,              0.0013,              0.0013,              0.0013
                 292,              0.0173,           0.0049041,          0.00048202,             0.98598,             0.96844,             0.98201,             0.85119,            0.010895,           0.0038727,          0.00010399,             0.00127,             0.00127,             0.00127
                 293,            0.018128,           0.0049792,          0.00049014,             0.98353,             0.96799,             0.98133,             0.85206,            0.010866,           0.0038378,          0.00010367,             0.00124,             0.00124,             0.00124
                 294,            0.017423,             0.00476,          0.00037934,             0.98379,             0.96731,             0.98058,             0.85098,            0.010738,           0.0038816,          0.00010383,             0.00121,             0.00121,             0.00121
                 295,            0.017084,            0.004982,          0.00035673,              0.9836,             0.97068,             0.98223,             0.85195,            0.010837,           0.0039096,          0.00010141,             0.00118,             0.00118,             0.00118
                 296,            0.016945,           0.0047179,          0.00038877,             0.98438,             0.96943,             0.98235,             0.84671,            0.010904,           0.0039605,          9.7443e-05,             0.00115,             0.00115,             0.00115
                 297,            0.017031,           0.0050031,          0.00051616,             0.98615,             0.97013,             0.98217,             0.84771,            0.010879,            0.004016,           9.559e-05,             0.00112,             0.00112,             0.00112
                 298,            0.017104,           0.0048044,          0.00049434,               0.982,             0.97159,             0.98209,             0.85068,            0.010791,           0.0040638,          0.00010234,             0.00109,             0.00109,             0.00109
                 299,            0.016522,           0.0046902,          0.00043639,             0.98244,             0.97169,             0.98196,              0.8508,            0.010891,           0.0039045,          9.4323e-05,             0.00106,             0.00106,             0.00106
